n_runs,service_min,first_start,last_end
3,431.6,07:46,15:55
1,15.1,08:55,09:10
1,17.9,18:02,18:20
1,204.4,20:36,00:01
1,56.0,21:22,22:18
1,7.3,18:01,18:08
1,159.8,09:05,11:45
1,43.7,13:11,13:55
2,277.9,08:48,13:35
1,26.6,11:10,11:36
4,125.5,13:57,18:28
7,653.0,07:51,20:42
2,67.0,08:02,10:04
3,504.5,04:26,17:11
3,306.8,10:11,15:38
5,380.3,10:53,21:00
2,51.7,13:55,16:58
3,749.8,07:35,20:59
2,41.9,11:08,12:07
1,85.4,18:49,20:15
1,151.5,07:06,09:38
1,200.1,13:40,17:00
2,123.0,17:06,19:23
4,322.7,12:17,20:39
1,62.8,11:18,12:21
4,601.8,07:18,19:33
1,28.6,08:39,09:08
1,107.7,11:45,13:33
2,48.3,17:39,18:31
1,11.4,09:07,09:18
1,152.7,16:02,18:35
2,126.2,08:19,10:50
3,243.5,06:26,13:36
7,282.2,09:41,22:43
2,115.4,15:35,18:35
1,131.9,09:55,12:07
8,551.0,09:19,20:26
4,240.0,11:29,17:52
6,508.5,07:53,18:37
6,267.5,07:57,20:44
2,256.2,13:49,18:23
4,450.2,08:33,18:11
4,171.7,07:41,12:51
2,579.6,08:52,20:48
2,570.8,06:37,19:07
2,221.8,14:52,18:52
1,42.9,13:32,14:15
2,74.5,17:04,18:39
1,25.1,11:04,11:29
1,42.5,18:56,19:38
1,80.5,17:11,18:31
6,419.7,07:23,20:16
2,272.4,14:28,19:26
1,259.5,06:40,10:59
1,26.1,21:22,21:48
4,573.2,07:52,18:14
2,292.1,12:25,18:43
6,679.9,06:58,19:37
2,225.1,10:32,14:39
2,181.3,07:12,14:23
8,461.8,09:05,18:50
6,469.5,08:26,21:23
2,93.2,15:21,17:20
4,205.3,14:18,18:12
7,548.7,07:37,20:35
5,279.2,13:02,19:24
1,412.3,13:32,20:25
1,83.0,20:35,21:58
3,300.3,11:37,17:23
2,172.9,06:55,09:58
3,48.9,16:24,18:05
2,583.8,09:19,19:24
1,20.9,13:07,13:28
7,691.9,06:34,22:08
1,76.7,18:48,20:05
3,507.5,06:58,18:47
5,465.7,07:49,20:46
4,136.3,13:39,19:56
1,165.4,15:45,18:30
2,222.0,08:39,12:21
4,552.5,07:50,18:34
3,127.7,15:27,18:55
1,114.9,08:44,10:39
5,483.2,07:30,18:15
2,173.8,15:50,19:00
2,67.8,08:34,10:01
5,820.2,07:04,23:15
2,185.4,15:55,19:17
4,562.0,08:28,19:22
1,12.1,06:59,07:11
2,158.1,08:53,16:42
2,232.5,12:40,17:02
3,222.7,04:29,12:44
2,29.3,10:58,17:32
2,209.6,06:03,09:58
4,438.5,09:27,17:39
2,533.1,10:11,19:19
6,634.9,07:47,20:38
3,518.9,08:41,18:01
1,134.1,08:58,11:12
1,213.6,16:04,19:38
4,242.3,08:21,14:44
4,486.8,07:44,20:20
5,544.7,09:05,19:06
2,222.5,09:59,13:53
3,100.9,10:37,13:09
4,515.9,04:57,14:39
3,336.5,09:27,16:56
4,317.3,09:42,15:55
1,27.5,11:40,12:07
4,365.8,10:21,19:11
1,62.5,19:39,20:42
3,288.7,11:29,20:17
3,218.1,13:02,17:06
5,369.4,10:18,18:29
3,177.3,15:04,19:31
3,215.7,07:39,12:42
1,56.9,03:26,04:23
1,30.0,12:59,13:29
3,374.9,09:55,18:16
5,559.3,06:09,17:37
2,88.4,15:56,17:41
2,47.9,12:30,14:30
5,260.4,07:29,20:43
2,48.8,07:01,13:22
4,346.8,12:57,20:54
2,418.3,12:10,19:30
3,271.1,14:04,19:26
1,95.7,15:13,16:49
1,119.8,08:13,10:13
1,226.8,08:32,12:19
3,418.1,08:54,18:40
1,64.8,13:20,14:25
1,9.7,12:32,12:42
3,624.0,07:15,18:42
3,189.4,11:29,15:02
3,238.6,08:32,13:49
1,76.3,17:49,19:06
4,138.8,13:17,17:35
2,84.0,09:38,18:13
1,116.2,08:22,10:18
1,168.9,08:05,10:54
4,335.6,13:28,19:56
2,269.9,12:41,17:34
2,428.0,11:11,18:35
2,61.8,08:34,10:27
1,119.0,15:52,17:51
4,230.5,07:37,17:01
2,99.9,13:13,20:31
4,230.6,17:22,22:17
4,437.1,08:53,17:42
1,86.0,16:37,18:03
2,69.5,09:40,12:19
2,74.2,10:23,11:51
1,122.3,12:24,14:26
3,96.0,14:41,17:18
1,51.6,15:57,16:48
8,188.4,12:13,20:21
5,540.4,08:03,19:21
3,179.2,13:25,21:28
4,419.0,10:15,19:17
1,168.8,14:48,17:37
4,618.7,07:55,19:32
6,523.0,09:41,21:10
2,278.1,12:11,17:07
1,187.2,16:30,19:37
1,70.1,09:01,10:11
7,535.4,08:21,20:21
3,570.5,07:47,18:42
1,17.6,08:49,09:07
3,208.5,13:33,18:47
2,232.7,07:47,12:02
2,46.2,07:46,09:41
2,59.0,09:01,12:43
5,354.1,09:25,18:38
1,57.5,17:21,18:18
3,615.4,08:15,19:02
4,88.0,11:56,15:21
3,101.4,16:05,18:20
3,346.5,11:22,17:39
2,228.7,12:48,17:02
6,526.5,07:45,21:46
2,57.7,17:33,19:15
5,288.3,14:38,21:24
8,347.2,09:18,18:34
3,251.5,12:13,17:26
3,223.3,07:25,11:49
1,160.6,15:09,17:49
3,556.9,09:09,20:23
4,693.4,07:36,20:47
4,365.0,10:54,18:50
5,477.5,10:19,19:20
5,140.1,09:10,15:16
2,117.1,13:54,17:04
6,246.8,07:59,16:53
2,255.4,07:32,12:47
6,472.2,09:07,19:38
1,97.5,21:36,23:13
2,134.6,15:51,18:10
1,96.6,18:55,20:32
2,79.8,16:53,18:25
1,22.8,22:22,22:45
1,135.3,09:13,11:28
2,33.8,11:46,13:00
5,557.0,07:40,20:46
1,49.3,08:37,09:27
3,523.6,08:56,18:41
2,207.4,12:16,17:42
2,549.9,07:05,19:13
3,239.1,12:59,17:27
3,300.9,12:07,17:34
5,432.5,11:09,19:43
3,31.2,08:05,12:17
2,468.3,08:59,17:07
6,215.8,07:39,19:52
5,627.2,07:53,20:38
4,472.3,08:25,17:32
2,570.3,07:29,18:25
2,203.8,13:50,17:22
6,532.7,07:59,21:23
6,302.2,10:23,17:39
2,188.8,12:17,15:44
4,297.1,11:13,17:43
2,164.2,13:05,16:03
5,229.7,09:19,16:19
1,33.2,08:21,08:54
2,175.2,11:49,14:54
2,256.7,13:04,17:36
2,240.7,14:04,18:21
4,180.9,11:59,15:59
1,595.1,09:09,19:04
2,103.5,14:25,16:27
5,410.4,07:40,20:03
4,343.6,07:34,20:05
5,326.0,11:54,19:06
1,86.7,19:14,20:40
3,176.5,15:08,19:00
3,514.8,07:41,19:12
4,441.9,11:10,20:13
4,349.8,08:08,17:27
4,301.7,08:59,19:56
3,118.8,16:32,22:35
2,81.2,08:49,14:31
2,34.6,14:41,17:04
1,30.5,10:26,10:57
6,439.3,06:25,21:41
2,438.3,10:25,18:18
3,231.4,13:58,18:41
1,9.6,06:54,07:03
1,21.5,12:04,12:25
3,278.4,10:58,16:59
4,177.2,15:13,19:09
4,315.8,11:33,21:04
1,8.4,08:11,08:19
1,4.1,11:28,11:33
1,304.8,15:31,20:36
2,37.9,08:24,18:13
1,35.6,17:00,17:36
3,660.9,07:56,23:23
1,146.7,15:49,18:16
8,389.5,06:01,20:56
2,59.7,00:19,01:31
4,420.9,07:32,21:09
2,49.1,08:07,09:24
6,580.9,06:34,20:29
4,656.9,08:24,21:43
10,351.7,08:18,19:23
7,441.4,09:44,00:26
1,30.8,19:26,19:57
6,526.7,09:14,19:53
1,23.3,08:15,08:38
3,536.1,09:00,19:12
2,66.7,16:20,17:37
1,161.0,17:34,20:15
3,396.3,10:42,17:59
1,228.8,14:44,18:32
1,94.3,14:15,15:49
6,403.1,14:10,23:47
5,321.0,11:27,19:15
1,68.2,13:50,14:58
3,99.8,12:21,14:39
3,219.8,14:47,18:58
2,137.4,12:04,14:43
6,132.1,14:09,19:16
1,7.4,14:54,15:01
3,549.3,07:49,21:07
7,246.9,06:43,18:44
3,211.5,12:37,17:09
5,553.5,07:40,19:58
1,127.9,14:02,16:10
5,401.7,14:15,23:02
4,467.7,10:57,20:16
1,76.2,14:32,15:49
4,561.5,04:44,21:57
3,401.3,10:03,17:24
2,51.7,08:42,18:33
2,27.3,09:43,12:58
1,104.7,08:36,10:21
1,43.8,20:23,21:06
2,45.9,14:23,15:52
3,256.0,07:35,16:29
2,24.2,17:55,18:31
2,181.2,08:09,18:46
9,290.4,08:14,19:23
2,452.7,10:22,18:10
1,39.1,17:22,18:02
2,92.5,19:49,22:12
1,251.9,09:19,13:31
6,193.0,12:37,17:22
2,112.3,11:01,14:01
4,210.2,13:31,19:11
4,510.5,08:28,19:48
1,196.5,09:56,13:13
6,417.1,07:43,18:36
2,33.8,11:52,13:00
2,143.5,17:41,20:21
1,15.8,18:11,18:27
5,549.2,07:39,19:43
6,762.4,07:38,21:48
2,402.6,07:34,14:27
5,392.3,07:41,23:12
2,147.5,14:27,19:15
7,454.0,08:31,19:05
3,129.0,09:27,18:35
2,125.1,08:51,11:00
2,48.8,07:31,08:33
1,497.3,10:55,19:12
5,707.7,07:38,20:43
2,74.2,14:43,16:09
1,179.9,11:04,14:04
3,163.2,14:55,17:54
2,90.8,09:03,11:20
6,474.9,09:22,21:25
7,178.6,07:53,17:35
2,82.9,20:26,22:50
3,37.9,13:54,16:40
5,459.6,07:58,20:43
3,98.3,11:05,19:22
2,55.6,10:22,12:03
6,220.4,13:57,19:26
8,586.2,08:27,20:36
2,16.0,09:47,10:33
1,71.6,11:11,12:23
6,595.7,06:54,22:04
2,49.0,11:03,12:05
1,87.3,18:10,19:37
2,244.4,17:14,21:28
5,296.0,10:36,18:43
4,453.4,09:04,17:22
2,228.8,14:48,18:50
1,98.6,11:01,12:39
1,89.1,11:13,12:42
1,146.0,16:18,18:44
4,401.9,07:16,16:58
1,232.8,09:40,13:33
2,77.5,12:21,17:01
3,179.4,09:33,14:27
4,592.5,09:23,20:02
3,496.7,09:41,19:09
2,254.4,14:25,19:39
3,586.1,09:32,19:54
2,475.1,09:31,17:43
3,442.4,11:26,19:17
2,228.3,14:55,19:01
1,38.4,00:51,01:29
3,611.3,07:52,19:10
4,217.2,13:21,17:57
4,648.4,07:46,21:06
3,402.1,10:55,18:07
2,32.7,00:27,14:25
1,10.3,13:49,14:00
5,88.5,08:48,11:39
3,450.4,09:38,17:46
5,301.1,09:41,16:47
1,11.5,12:40,12:52
5,484.1,07:40,19:08
8,682.0,07:40,21:27
1,45.5,15:26,16:11
1,47.5,10:09,10:57
5,482.9,09:50,19:20
1,16.2,15:06,15:22
3,301.8,11:03,16:57
2,87.7,17:55,20:06
4,308.9,07:41,13:33
5,390.3,07:49,18:26
2,88.8,15:19,17:01
1,99.0,08:35,10:14
4,320.1,09:17,15:48
2,124.4,16:14,18:29
1,76.9,15:54,17:11
1,293.6,08:27,13:21
3,512.8,08:20,19:29
1,294.4,13:50,18:45
6,567.1,07:16,23:18
6,371.3,08:11,18:02
1,245.2,10:43,14:49
1,37.8,09:33,10:11
3,270.9,14:09,19:51
2,144.5,16:27,19:06
2,97.0,15:27,17:25
1,266.6,06:29,10:56
1,162.6,08:11,10:54
2,504.3,10:51,20:10
2,410.1,07:02,14:32
4,312.8,09:26,15:48
6,487.5,08:39,19:34
2,101.3,14:14,16:11
3,51.4,08:38,17:56
1,68.7,13:14,14:22
1,118.3,17:37,19:35
5,77.0,08:40,17:58
5,652.7,05:10,18:13
5,464.5,09:18,18:42
2,95.4,18:04,20:04
4,74.7,11:17,17:17
4,414.0,10:54,20:27
5,436.4,07:55,19:15
4,449.9,08:02,16:32
1,80.9,11:48,13:08
1,109.8,10:16,12:06
1,21.8,07:06,07:27
4,326.6,14:39,21:13
4,515.2,08:27,18:23
2,69.3,16:16,17:42
1,86.5,09:22,10:48
5,423.0,09:58,18:24
1,41.1,12:53,13:35
1,13.7,14:36,14:50
7,222.7,10:13,17:21
2,91.2,07:47,18:42
1,288.0,08:37,13:26
4,422.2,09:42,17:58
3,254.2,09:16,14:00
1,222.1,10:04,13:46
3,145.3,14:36,20:47
2,201.3,12:49,17:25
3,238.5,10:30,14:55
4,248.4,10:06,14:57
2,380.7,08:43,18:10
4,189.1,11:56,21:31
2,55.7,10:30,12:35
5,267.2,08:42,19:05
1,35.4,07:02,07:37
3,149.5,16:38,19:59
6,237.7,12:16,20:11
3,334.0,10:23,18:01
1,9.7,20:35,20:45
7,398.1,09:16,17:05
5,604.3,07:46,19:37
7,617.8,06:33,19:22
2,50.0,14:54,15:55
2,25.0,08:33,17:54
4,278.5,09:29,15:55
2,226.7,18:52,22:50
3,163.8,13:30,19:36
5,336.1,08:22,15:44
6,527.4,07:17,20:41
3,175.6,13:38,18:43
2,170.4,06:51,10:06
1,39.0,16:31,17:10
5,528.8,08:00,19:04
3,120.9,18:09,20:55
1,9.0,04:59,05:08
1,47.4,16:57,17:44
2,240.4,08:04,12:44
1,88.4,16:11,17:39
2,227.8,14:46,18:48
1,79.0,18:10,19:29
2,352.8,12:26,19:00
9,313.3,07:45,17:17
2,95.9,13:01,14:50
9,494.3,05:30,23:11
1,33.6,10:46,11:20
3,544.4,08:49,18:33
4,385.2,07:44,19:47
5,449.7,09:36,19:19
5,334.0,05:41,22:20
5,269.0,11:29,20:30
1,80.6,18:01,19:22
4,549.5,09:04,19:20
6,248.5,07:45,18:06
7,495.1,06:58,21:17
1,191.7,13:32,16:44
2,99.0,11:04,18:05
5,772.0,07:11,21:39
2,201.1,15:12,19:19
4,172.3,07:32,20:34
1,158.4,19:03,21:41
1,24.4,09:02,09:26
3,239.9,13:07,18:44
4,208.0,06:21,16:24
3,70.2,16:58,19:48
7,424.6,08:13,23:06
3,71.2,13:19,15:33
4,340.0,10:38,18:43
1,104.1,17:41,19:25
6,340.5,07:42,17:09
4,428.6,09:23,17:23
7,626.4,08:04,21:18
1,200.7,06:39,09:59
3,188.5,10:15,14:15
5,142.5,08:46,20:36
4,472.9,07:38,16:46
1,84.1,07:32,08:56
6,379.3,07:32,20:07
3,550.1,09:39,19:18
2,43.7,15:15,16:14
2,164.0,09:15,12:38
2,58.6,11:43,12:57
3,379.0,13:34,20:31
4,516.3,07:37,19:13
1,166.1,16:17,19:03
2,74.5,08:44,16:06
5,397.8,09:17,17:46
1,82.3,12:50,14:13
2,155.8,08:47,12:40
1,165.6,07:19,10:05
3,368.3,10:55,17:33
2,439.2,10:46,21:48
1,46.4,16:34,17:20
1,32.9,12:22,12:55
4,339.6,09:13,23:06
3,386.0,08:37,19:43
6,563.3,07:46,20:16
3,794.7,08:10,22:17
6,572.0,08:28,22:16
3,87.3,18:08,20:04
1,88.0,16:04,17:32
1,59.1,14:54,15:54
5,274.6,09:33,15:44
7,378.9,09:39,22:18
6,281.4,14:06,20:15
3,225.3,09:20,15:59
3,558.4,07:41,19:25
5,288.5,07:24,17:27
4,383.7,01:00,08:22
4,416.8,08:41,17:20
4,463.8,10:34,20:25
5,506.6,07:32,21:44
6,616.6,07:54,20:04
2,297.3,11:59,17:10
1,23.3,17:16,17:39
7,606.5,07:56,21:23
4,524.1,06:47,19:36
5,507.7,09:10,18:53
2,136.4,10:34,17:28
6,651.5,07:41,20:23
1,4.2,14:42,14:46
1,116.0,17:57,19:53
2,279.5,11:14,17:39
3,186.5,12:13,16:04
6,518.7,11:42,02:16
1,134.9,15:43,17:58
1,59.0,21:01,22:00
3,573.4,07:40,18:14
2,242.2,16:02,20:18
3,241.7,09:28,15:06
4,273.5,10:10,17:21
3,738.8,07:37,20:30
1,164.1,12:23,15:07
6,292.2,07:39,21:16
3,48.7,08:36,17:59
1,203.9,17:09,20:33
2,72.5,10:31,11:54
3,418.3,08:48,19:43
1,139.2,16:39,18:58
2,715.4,07:42,20:32
6,474.9,07:43,16:56
5,201.0,09:07,19:14
2,175.1,15:57,19:05
1,25.4,18:30,18:55
5,512.3,07:37,19:15
6,525.9,07:25,20:08
1,59.8,11:48,12:48
2,131.2,15:52,18:17
3,723.9,07:46,20:42
2,66.2,15:10,17:32
8,186.7,08:19,18:24
3,157.3,08:48,18:15
6,496.0,07:42,19:48
6,479.2,08:28,19:20
1,53.8,14:22,15:16
1,99.1,23:58,01:37
1,49.7,14:51,15:41
2,157.5,15:36,18:48
5,418.0,08:58,18:10
2,115.6,16:17,20:25
1,52.8,11:49,12:42
8,635.1,08:32,00:19
2,108.9,07:52,10:09
4,514.1,07:40,18:31
3,86.7,07:42,09:18
6,715.3,07:39,22:39
2,78.9,10:02,12:34
2,51.4,10:35,11:36
1,103.9,17:50,19:34
2,289.7,15:35,20:40
2,233.7,12:56,17:06
9,240.8,10:47,17:36
1,199.3,18:38,21:57
5,349.4,07:48,19:51
1,140.8,17:15,19:36
1,18.6,17:49,18:07
5,460.9,11:33,20:10
1,35.8,14:07,14:43
2,136.1,13:42,16:15
2,118.2,17:45,19:58
2,299.0,14:26,20:19
2,78.8,09:53,11:23
5,410.9,08:15,23:33
2,239.1,08:19,13:26
2,108.4,13:21,15:36
4,616.4,08:26,20:02
4,431.8,11:48,19:58
3,234.1,16:03,21:06
1,26.5,12:44,13:10
3,223.6,10:46,15:00
1,92.8,10:06,11:39
1,63.4,20:01,21:05
2,87.0,18:14,19:54
2,98.5,17:01,20:08
1,139.4,17:42,20:01
1,399.3,12:30,19:10
1,25.9,14:34,15:00
1,13.9,17:54,18:08
1,14.9,18:53,19:08
2,210.7,15:26,21:03
1,48.7,19:07,19:56
1,25.5,22:19,22:45
2,163.9,08:28,15:47
2,161.1,10:51,13:58
2,83.6,10:08,13:16
1,199.9,14:05,17:25
1,84.0,14:09,15:33
4,288.9,07:15,13:21
5,322.3,09:39,16:43
1,51.7,11:03,11:54
3,669.9,07:24,19:25
3,324.5,12:01,18:06
2,121.8,12:38,17:09
4,241.6,11:42,17:20
1,120.7,13:21,15:21
2,146.6,16:09,18:49
2,111.9,15:06,17:20
3,696.2,08:12,20:20
3,442.0,08:04,18:18
4,184.6,12:34,18:45
1,128.7,12:05,14:13
1,59.5,06:12,07:11
2,69.7,08:12,09:42
9,502.9,08:20,19:03
2,114.8,11:45,15:12
4,613.4,07:41,19:52
1,61.7,09:42,10:44
3,292.5,13:01,18:47
4,341.7,11:27,19:06
5,344.0,09:36,16:38
1,158.9,12:38,15:17
5,574.8,08:11,20:43
5,367.0,09:38,19:06
1,64.5,16:31,17:35
1,112.8,09:57,11:50
4,210.8,08:56,17:27
1,10.4,13:47,13:57
3,331.6,11:44,19:02
2,65.0,16:27,17:46
3,48.4,16:41,17:58
4,397.2,08:57,17:41
5,245.9,11:16,17:13
4,234.6,15:02,21:27
2,90.6,19:37,22:55
1,196.0,09:12,12:28
1,16.5,17:44,18:00
2,64.0,15:55,17:20
4,338.9,07:27,20:37
2,21.3,14:19,15:01
2,144.4,18:13,21:03
6,188.0,11:56,18:24
1,60.5,09:13,10:14
1,39.4,15:51,16:30
6,418.1,09:03,18:29
6,303.0,10:14,19:06
4,761.9,06:37,21:24
2,197.0,14:26,18:13
2,52.5,09:24,17:46
5,390.5,09:53,18:19
1,108.7,18:12,20:00
3,390.6,11:53,21:00
5,509.2,06:36,00:17
4,693.4,06:32,20:18
1,135.5,08:57,11:12
3,498.2,08:24,17:09
5,631.5,06:53,18:52
4,425.6,10:57,19:05
3,167.8,12:36,15:52
1,84.5,14:20,15:45
2,168.0,08:44,11:45
2,143.9,11:21,14:49
2,538.4,08:01,18:14
4,266.7,11:58,20:32
7,399.9,11:11,21:31
1,222.9,14:53,18:36
2,107.6,10:21,19:56
5,217.3,11:13,19:05
2,332.3,12:58,18:32
1,32.9,16:35,17:08
1,93.6,17:05,18:38
5,261.8,07:10,21:09
5,347.9,09:31,16:39
6,282.0,14:06,19:49
1,14.6,12:56,13:11
7,636.7,06:35,19:29
1,8.9,18:53,19:02
2,219.6,17:33,21:57
6,528.0,07:38,19:45
1,119.3,19:02,21:02
3,170.4,08:06,21:14
3,199.4,08:37,20:27
2,341.9,15:02,20:58
1,164.6,09:13,11:58
2,132.8,16:38,19:37
1,35.1,15:16,15:52
1,27.7,20:33,21:01
5,572.7,07:49,20:40
2,275.8,08:31,13:19
2,686.4,08:07,20:12
4,478.2,11:08,19:57
1,10.5,13:12,13:23
1,129.1,08:37,10:46
1,108.2,18:01,19:49
1,86.1,15:49,17:15
1,35.4,14:09,14:44
3,375.7,10:17,17:41
2,211.8,15:20,20:47
2,570.3,09:07,18:59
2,256.1,15:08,20:56
3,161.2,08:25,14:33
1,56.2,07:35,08:31
5,643.9,07:22,20:07
1,20.2,09:03,09:23
1,157.3,14:20,16:58
1,46.9,11:44,12:31
2,74.4,14:41,20:54
3,106.7,11:11,15:19
4,430.7,09:28,22:25
9,945.1,00:39,21:04
7,300.0,08:05,19:05
3,205.6,04:24,14:54
4,660.5,07:26,19:38
2,55.3,09:58,11:12
5,337.8,09:28,19:13
6,488.8,08:05,20:51
4,553.3,08:29,19:13
4,67.0,08:39,18:59
2,353.1,13:29,20:01
6,510.7,07:37,21:22
3,505.3,09:16,19:05
8,218.1,14:21,22:13
2,43.3,17:33,18:31
3,286.8,06:05,16:16
6,387.4,14:54,22:53
4,415.4,10:49,19:46
1,72.6,18:52,20:04
1,56.3,20:19,21:15
1,18.4,08:39,08:58
1,101.8,07:57,09:39
2,168.9,14:27,17:31
3,206.6,10:39,15:24
1,8.1,13:08,13:16
5,423.4,06:39,20:40
1,86.4,22:13,23:39
2,35.9,08:33,18:57
3,471.9,08:34,18:36
8,453.7,07:44,22:27
2,48.6,10:29,11:30
2,89.5,09:57,11:39
4,439.3,07:39,20:39
3,254.2,14:40,19:10
3,73.2,07:48,13:27
2,654.6,08:34,20:06
1,154.0,15:33,18:07
1,155.5,14:08,16:43
3,195.5,15:46,20:17
2,571.8,09:19,19:54
5,403.2,05:54,16:04
3,516.4,08:39,18:03
3,229.0,08:27,14:14
6,265.1,17:06,22:50
1,11.1,12:35,12:46
5,458.6,09:40,21:38
4,465.6,12:12,20:47
1,248.0,08:50,12:58
2,247.3,06:45,20:14
1,10.3,20:20,20:30
1,16.3,15:49,16:05
1,241.0,06:48,10:49
2,71.0,18:46,20:11
2,79.6,13:23,14:56
3,608.6,07:59,19:12
2,118.6,11:39,14:31
1,31.5,09:13,09:44
3,307.2,12:48,18:36
1,84.0,09:13,10:37
1,30.1,17:27,17:57
4,262.8,06:52,19:54
4,253.9,11:29,22:47
3,46.8,11:23,13:39
4,486.0,08:56,18:28
4,620.4,08:44,20:13
1,37.1,15:09,15:46
8,501.7,07:26,21:16
1,43.3,17:59,18:42
4,383.2,09:00,18:10
2,227.1,07:13,20:14
8,363.5,08:02,17:43
5,528.5,07:58,19:21
6,598.6,07:44,19:42
4,649.2,07:37,21:38
5,482.9,07:45,18:45
2,476.6,10:00,18:17
2,54.6,12:02,13:07
3,59.6,22:22,00:02
2,588.0,06:26,19:10
8,361.8,08:00,18:55
1,143.2,15:53,18:16
5,181.2,09:38,19:37
1,101.7,17:20,19:02
1,47.7,07:40,08:28
3,294.4,10:41,19:21
3,245.6,11:33,15:51
1,149.9,15:20,17:50
2,238.9,14:34,18:58
2,217.0,10:55,14:59
3,117.7,06:31,09:31
6,507.2,07:29,18:31
3,309.4,09:01,14:48
1,67.6,08:43,09:50
2,692.7,08:20,20:06
1,58.8,15:42,16:41
1,110.2,09:13,11:03
4,126.0,13:04,19:40
2,224.6,15:31,19:36
4,225.0,12:24,16:42
3,158.0,09:59,17:29
7,439.6,09:41,19:38
1,15.9,10:35,10:51
2,144.5,10:11,13:00
5,566.7,08:41,19:25
2,271.9,06:34,13:19
3,321.8,12:01,17:47
3,200.0,11:48,15:38
1,59.5,17:55,18:55
3,565.6,08:23,19:07
6,626.6,07:20,19:35
2,466.5,08:03,18:53
