New_Route_ID,Route_Name,Action_Taken,Route_Type,Priority_Band,Headway_Min,Fleet_Required,HPV_Count,MPV_Count,LPV_Count,CMP_Trunk,CMP_Route_ID,Population_Served,Social_Flag
FDR-059,Soura to LD,RETAINED_AS_FEEDER,Urban,HP,20,0,0,0,0,False,,0,True
FDR-488,Parimpora to Budgam,RETAINED_AS_FEEDER,Peri_Urban,LP,35,0,0,0,0,False,,0,False
FDR-271,Parimpora to Hazratbal,RETAINED_AS_FEEDER,Peri_Urban,MP,35,0,0,0,0,False,,0,False
FDR-429,Parimpora to Chadora,RETAINED_AS_FEEDER,Peri_Urban,LP,35,0,0,0,0,False,,0,False
FDR-394,Lawaypora to Jehangir Chowk,RETAINED_AS_FEEDER,Urban,MP,35,0,0,0,0,False,,0,False
FDR-068,Lalbazar to LD,RETAINED_AS_FEEDER,Urban,HP,20,0,0,0,0,False,,0,True
FDR-002,Soura to Gadoora,RETAINED_AS_FEEDER,Peri_Urban,LP,35,4,0,4,0,False,,18310,False
FDR-481,Soura to Ganderbal,RETAINED_AS_FEEDER,Urban,LP,35,0,0,0,0,False,,0,False
FDR-081,Lalbazar to Lalchowk,RETAINED_AS_FEEDER,Urban,HP,20,0,0,0,0,False,,0,True
FDR-122,Jehangir Chowk to Soura,RETAINED_AS_FEEDER,Urban,HP,20,0,0,0,0,False,,0,True
TRK-031,Soura to Hazratbal,UPGRADED_TO_TRUNK,Urban,MP,35,0,0,0,0,False,,0,False
FDR-161,TRC to Hazratbal,RETAINED_AS_FEEDER,Urban,MP,35,0,0,0,0,False,,0,False
FDR-147,Hazratbal to LD,RETAINED_AS_FEEDER,Urban,MP,35,0,0,0,0,False,,0,True
FDR-262,Soura to Railway Station,RETAINED_AS_FEEDER,Peri_Urban,MP,35,0,0,0,0,False,,0,False
FDR-101,Malbagh to LD,RETAINED_AS_FEEDER,Urban,HP,20,0,0,0,0,False,,0,True
FDR-269,Jehangir Chowk to JVC,RETAINED_AS_FEEDER,Urban,MP,35,0,0,0,0,False,,0,False
FDR-173,Soura to Parimpora,RETAINED_AS_FEEDER,Urban,MP,35,0,0,0,0,False,,0,False
FDR-467,Jehangir Chowk to Budgam,RETAINED_AS_FEEDER,Regional_District,LP,50,0,0,0,0,False,,0,False
FDR-106,Parimpora to Saidakadal,RETAINED_AS_FEEDER,Urban,HP,20,0,0,0,0,False,,0,False
FDR-275,Jehangir Chowk to HMT,RETAINED_AS_FEEDER,Urban,MP,35,0,0,0,0,False,,0,False
FDR-289,Parimpora to Pantha Chowk,RETAINED_AS_FEEDER,Peri_Urban,MP,35,0,0,0,0,False,,0,False
FDR-265,Baghat Shora to Lalchowk,RETAINED_AS_FEEDER,Urban,MP,35,0,0,0,0,False,,0,False
FDR-338,Parimpora to Rawalpora,RETAINED_AS_FEEDER,Urban,MP,35,0,0,0,0,False,,0,False
FDR-097,Lalbazar to Qamarwari,RETAINED_AS_FEEDER,Urban,HP,20,5,0,5,0,False,,8203,False
FDR-132,Safakadal to SMHS,RETAINED_AS_FEEDER,Urban,MP,35,0,0,0,0,False,,0,True
FDR-455,Narbal to Jehangir Chowk,RETAINED_AS_FEEDER,Peri_Urban,LP,35,0,0,0,0,False,,0,False
FDR-098,Soura to SMHS,RETAINED_AS_FEEDER,Urban,HP,20,0,0,0,0,False,,0,False
FDR-270,Soura to Qamarwari,RETAINED_AS_FEEDER,Urban,MP,35,4,0,0,4,False,,6328,False
FDR-575,Safakadal to Jehangir Chowk,RETAINED_AS_FEEDER,Urban,HP,20,0,0,0,0,False,,0,True
FDR-316,Qamarwari to Pathachowk,RETAINED_AS_FEEDER,Peri_Urban,MP,35,4,0,4,0,False,,6830,False
FDR-117,Qamarwari to Dalgate,RETAINED_AS_FEEDER,Urban,HP,20,0,0,0,0,False,,0,False
FDR-164,Lalbazar to Parimpora,RETAINED_AS_FEEDER,Urban,MP,35,0,0,0,0,False,,0,False
FDR-199,Qamarwari to Hazratbal,RETAINED_AS_FEEDER,Urban,MP,35,3,0,3,0,False,,8256,False
FDR-446,Parimpora to Rangrath,RETAINED_AS_FEEDER,Peri_Urban,LP,35,0,0,0,0,False,,0,False
FDR-108,Saidakadal to Bypass,RETAINED_AS_FEEDER,Urban,HP,20,0,0,0,0,False,,0,False
FDR-401,Jehangir Chowk to Panzinara,RETAINED_AS_FEEDER,Peri_Urban,LP,35,0,0,0,0,False,,0,False
FDR-407,Batamallo to Pantha Chowk,RETAINED_AS_FEEDER,Peri_Urban,LP,35,0,0,0,0,False,,0,False
FDR-219,Qamarwari to Jehangir Chowk,RETAINED_AS_FEEDER,Urban,MP,35,3,0,3,0,False,,4748,False
FDR-332,Parimpora to Jehangir Chowk,RETAINED_AS_FEEDER,Peri_Urban,MP,35,4,0,4,0,False,,9478,False
FDR-261,JVC to Batwara,RETAINED_AS_FEEDER,Urban,MP,35,4,0,4,0,False,,5887,False
FDR-335,LD to Panthachowk,RETAINED_AS_FEEDER,Urban,MP,35,0,0,0,0,False,,0,True
FDR-104,Hazratbal to Bone Joint Hospital Barzalla,RETAINED_AS_FEEDER,Peri_Urban,HP,20,5,0,5,0,False,,6868,False
FDR-438,GBS to LAL Chowk,RETAINED_AS_FEEDER,Peri_Urban,LP,35,2,0,2,0,False,,4667,False
FDR-151,Parimpora to Jawahairnagar,RETAINED_AS_FEEDER,Urban,MP,35,0,0,0,0,False,,0,True
FDR-001,Qamarwari to Baghi Mehtab,RETAINED_AS_FEEDER,Peri_Urban,MP,35,4,0,4,0,False,,13864,False
FDR-176,Jehangir Chowk to Bemina,RETAINED_AS_FEEDER,Urban,MP,35,0,0,0,0,False,,0,False
FDR-078,Chanapora to Soura,RETAINED_AS_FEEDER,Urban,HP,20,0,0,0,0,False,,0,False
FDR-191,Parimpora to Humhama,RETAINED_AS_FEEDER,Peri_Urban,MP,35,0,0,0,0,False,,0,False
FDR-341,LD to Pampore,RETAINED_AS_FEEDER,Peri_Urban,MP,35,0,0,0,0,False,,0,True
FDR-080,Batmaloo to Dalgate,RETAINED_AS_FEEDER,Urban,HP,20,3,0,3,0,False,,2668,False
FDR-160,"Hazratbal, Lalbazar",RETAINED_AS_FEEDER,Urban,MP,35,3,0,0,3,False,,6671,False
FDR-201,LD to Parimpora,RETAINED_AS_FEEDER,Urban,MP,35,0,0,0,0,False,,0,True
FDR-096,Soura to Dalgate,RETAINED_AS_FEEDER,Urban,HP,20,4,0,0,4,False,,5182,False
TRK-032,Soura to Chuntwaliwar,UPGRADED_TO_TRUNK,Urban,HP,20,4,0,4,0,False,,11261,False
FDR-067,Soura to Batamallo,RETAINED_AS_FEEDER,Urban,HP,20,6,0,6,0,False,,6724,False
FDR-333,Rangpora to Soura,RETAINED_AS_FEEDER,Peri_Urban,MP,35,0,0,0,0,False,,0,False
FDR-525,LD to Budgam,RETAINED_AS_FEEDER,Peri_Urban,MP,35,0,0,0,0,False,,0,True
FDR-320,Parimpora to Pampore,RETAINED_AS_FEEDER,Peri_Urban,MP,35,0,0,0,0,False,,0,False
FDR-105,Rangpora to Dalgate,RETAINED_AS_FEEDER,Peri_Urban,HP,20,5,0,5,0,False,,6648,False
FDR-088,Rangpora to Lalchowk,RETAINED_AS_FEEDER,Urban,HP,20,0,0,0,0,False,,0,False
FDR-406,Qamarwari to Parimpora,RETAINED_AS_FEEDER,Urban,MP,35,0,0,0,0,False,,0,True
FDR-190,Ma Road to Safakadal,RETAINED_AS_FEEDER,Urban,MP,35,5,0,0,5,False,,5149,True
FDR-158,Rangpora to LD,RETAINED_AS_FEEDER,Peri_Urban,MP,35,3,0,3,0,False,,8134,True
FDR-050,Soura to Lalchowk,RETAINED_AS_FEEDER,Urban,HP,20,0,0,0,0,False,,0,False
FDR-325,Ma Road to Parimpora,RETAINED_AS_FEEDER,Peri_Urban,MP,35,4,0,4,0,False,,6488,False
FDR-510,Srinagar to Shanglipora,RETAINED_AS_FEEDER,Regional_District,LP,50,4,2,2,0,False,,8614,False
FDR-466,Srinagar to Isganderpora,RETAINED_AS_FEEDER,Regional_District,LP,50,3,2,1,0,False,,7949,False
FDR-454,Srinagar to Aboora,RETAINED_AS_FEEDER,Regional_District,LP,50,3,1,2,0,False,,8203,False
FDR-536,Srinagar to Arizal,RETAINED_AS_FEEDER,Regional_District,LP,50,4,2,2,0,False,,8487,False
FDR-453,Srinagar to Baderkote,RETAINED_AS_FEEDER,Regional_District,LP,50,4,2,2,0,False,,11518,False
FDR-514,Srinagar to Loolpora,RETAINED_AS_FEEDER,Regional_District,LP,50,4,2,2,0,False,,8335,False
FDR-384,Srinagar to Beeru,RETAINED_AS_FEEDER,Regional_District,MP,50,0,0,0,0,False,,0,False
FDR-565,Srinagar to Dardpora,RETAINED_AS_FEEDER,Regional_District,LP,50,9,3,6,0,False,,14607,False
FDR-038,Srinagar to Ratnipora,RETAINED_AS_FEEDER,Regional_District,LP,50,3,1,2,0,False,,6156,False
FDR-437,Srinagar to Ratsun,RETAINED_AS_FEEDER,Regional_District,LP,50,3,1,2,0,False,,7837,False
FDR-487,Srinagar to Khag,RETAINED_AS_FEEDER,Regional_District,LP,50,4,2,2,0,False,,8276,False
FDR-463,Srinagar to Karhama,RETAINED_AS_FEEDER,Regional_District,LP,50,3,1,2,0,False,,8142,False
FDR-508,Srinagar to Chewdara,RETAINED_AS_FEEDER,Regional_District,LP,50,3,1,2,0,False,,6037,False
FDR-464,Srinagar to Badrun,RETAINED_AS_FEEDER,Regional_District,LP,50,3,1,2,0,False,,7995,False
FDR-439,Srinagar to Tangmarg,RETAINED_AS_FEEDER,Regional_District,LP,50,4,2,2,0,False,,11797,False
FDR-570,Srinagar to Khoor,RETAINED_AS_FEEDER,Regional_District,LP,50,9,3,6,0,False,,13940,False
FDR-551,Srinagar to Handwara,RETAINED_AS_FEEDER,Regional_District,LP,50,6,2,4,0,False,,11383,False
FDR-563,Srinagar to Trehgam KUP,RETAINED_AS_FEEDER,Regional_District,LP,50,7,3,4,0,False,,13773,False
FDR-562,Srinagar to Chowkibal,RETAINED_AS_FEEDER,Regional_District,LP,50,10,4,6,0,False,,13633,False
FDR-509,Srinagar to Hajin,RETAINED_AS_FEEDER,Regional_District,LP,50,4,2,2,0,False,,7612,False
FDR-486,Srinagar to Safapora Sumbal,RETAINED_AS_FEEDER,Regional_District,LP,50,3,1,2,0,False,,7036,False
FDR-504,Srinagar to Safapora GBL,RETAINED_AS_FEEDER,Regional_District,LP,50,3,1,2,0,False,,7376,False
FDR-513,Srinagar to Narwara Budgam,RETAINED_AS_FEEDER,Regional_District,LP,50,3,1,2,0,False,,5933,False
FDR-465,Srinagar to Charishreef,RETAINED_AS_FEEDER,Regional_District,LP,50,3,1,2,0,False,,8056,False
FDR-519,Srinagar to Pakherpora,RETAINED_AS_FEEDER,Regional_District,LP,50,0,0,0,0,False,,0,False
FDR-555,Srinagar to Pasthoon,RETAINED_AS_FEEDER,Regional_District,LP,50,4,2,2,0,False,,9187,False
FDR-546,Srinagar to Pinglish,RETAINED_AS_FEEDER,Regional_District,LP,50,4,2,2,0,False,,8867,False
FDR-552,Srinagar to Tral Nowdal,RETAINED_AS_FEEDER,Regional_District,LP,50,4,2,2,0,False,,7825,False
FDR-007,Srinagar to Qazigund,RETAINED_AS_FEEDER,Regional_District,LP,50,6,2,4,0,False,,10767,False
FDR-529,Srinagar to Mirpora Budgam,RETAINED_AS_FEEDER,Regional_District,LP,50,3,1,2,0,False,,6151,False
FDR-507,Srinagar to Vijipopra,RETAINED_AS_FEEDER,Regional_District,LP,50,4,2,2,0,False,,7515,False
FDR-553,Srinagar to Kupwara DAY,RETAINED_AS_FEEDER,Regional_District,LP,50,0,0,0,0,False,,0,False
FDR-541,Srinagar to URI Baramulla,RETAINED_AS_FEEDER,Regional_District,LP,50,0,0,0,0,False,,0,False
FDR-571,Srinagar to Tangdar,RETAINED_AS_FEEDER,Regional_District,LP,50,12,4,8,0,False,,13948,False
FDR-543,Bandipora to Srinagar,RETAINED_AS_FEEDER,Regional_District,LP,50,0,0,0,0,False,,0,False
FDR-003,Bandipora to Soura,RETAINED_AS_FEEDER,Regional_District,LP,35,6,2,4,0,False,,27162,False
FDR-549,Bankoot to Srinagar via Bandipora,RETAINED_AS_FEEDER,Regional_District,LP,50,0,0,0,0,False,,0,False
FDR-004,Bandipora to Baramulla,RETAINED_AS_FEEDER,Regional_District,LP,35,5,2,3,0,False,,108377,False
FDR-511,Sopore to Srinagar,RETAINED_AS_FEEDER,Regional_District,LP,50,0,0,0,0,False,,0,False
FDR-539,Zaloora to Srinagar,RETAINED_AS_FEEDER,Regional_District,LP,50,5,2,3,0,False,,11350,False
FDR-530,Botingue to Srinagar,RETAINED_AS_FEEDER,Regional_District,LP,50,5,2,3,0,False,,12167,False
FDR-515,Baramulla to Srinagar,RETAINED_AS_FEEDER,Regional_District,LP,50,5,2,3,0,False,,11896,False
FDR-592,Kamalkote to Baramulla,RETAINED_AS_FEEDER,Regional_District,LP,35,5,2,3,0,False,,144510,False
FDR-593,Garkote to Baramulla,RETAINED_AS_FEEDER,Urban,LP,35,0,0,0,0,False,,0,False
FDR-521,Fathgath to Srinagar,RETAINED_AS_FEEDER,Regional_District,LP,50,0,0,0,0,False,,0,False
FDR-574,Pehilpora to URI via Baramulla,RETAINED_AS_FEEDER,Peri_Urban,LP,35,5,2,3,0,False,,100235,False
FDR-005,Baramula to Kupwra,RETAINED_AS_FEEDER,Regional_District,LP,35,5,2,3,0,False,,94924,False
FDR-567,Kupwara to Srinagar,RETAINED_AS_FEEDER,Regional_District,LP,50,0,0,0,0,False,,0,False
FDR-564,Sogam to Srinagar,RETAINED_AS_FEEDER,Regional_District,LP,50,9,3,6,0,False,,14779,False
FDR-516,Shopian to Srinagar,RETAINED_AS_FEEDER,Regional_District,MP,50,4,2,2,0,False,,10189,True
FDR-538,Sedow to Srinagar,RETAINED_AS_FEEDER,Regional_District,MP,50,4,2,2,0,False,,10607,True
FDR-520,Harman to Srinagar,RETAINED_AS_FEEDER,Regional_District,MP,50,4,2,2,0,False,,10110,True
FDR-535,Kaprin to Srinagar,RETAINED_AS_FEEDER,Regional_District,MP,50,5,2,3,0,False,,11010,True
FDR-540,Nehama to Srinagar,RETAINED_AS_FEEDER,Regional_District,MP,50,5,2,3,0,False,,11297,True
FDR-008,Khull Ahmadabad to Srinagar,RETAINED_AS_FEEDER,Regional_District,LP,50,0,0,0,0,False,,0,False
FDR-537,Pariwan to Srinagar,RETAINED_AS_FEEDER,Regional_District,MP,50,5,2,3,0,False,,11196,True
FDR-010,Kulgam to Srinagar,RETAINED_AS_FEEDER,Regional_District,LP,50,6,2,4,0,False,,10600,False
FDR-011,Katrosoo to Srinagar,RETAINED_AS_FEEDER,Regional_District,LP,50,6,2,4,0,False,,10178,False
FDR-012,Yaripora to Srinagar,RETAINED_AS_FEEDER,Regional_District,LP,50,5,2,3,0,False,,9864,False
FDR-444,Pulwama to Srinagar,RETAINED_AS_FEEDER,Peri_Urban,LP,35,0,0,0,0,False,,0,False
FDR-039,Koil to Srinagar,RETAINED_AS_FEEDER,Peri_Urban,LP,35,4,1,3,0,False,,7264,False
FDR-505,Wasoora to Srinagar,RETAINED_AS_FEEDER,Peri_Urban,MP,35,7,3,4,0,False,,9187,True
FDR-440,Srinagar to Lettar,RETAINED_AS_FEEDER,Peri_Urban,LP,35,0,0,0,0,False,,0,False
FDR-506,Heff to Srinagar,RETAINED_AS_FEEDER,Regional_District,MP,50,4,2,2,0,False,,9326,True
FDR-531,Srinagar to Keller,RETAINED_AS_FEEDER,Regional_District,MP,50,0,0,0,0,False,,0,True
FDR-532,Sangerwani to Srinagar,RETAINED_AS_FEEDER,Regional_District,LP,50,4,2,2,0,False,,8477,False
FDR-013,Anantnagh to Srinagar,RETAINED_AS_FEEDER,Regional_District,LP,50,0,0,0,0,False,,0,False
FDR-006,Phalgam to Anantnagh,RETAINED_AS_FEEDER,Peri_Urban,LP,35,7,3,4,0,False,,106725,False
FDR-023,Mawan to Srinagar,RETAINED_AS_FEEDER,Regional_District,MP,50,0,0,0,0,False,,0,True
FDR-024,Devsur to Srinagar,RETAINED_AS_FEEDER,Regional_District,LP,50,5,2,3,0,False,,9877,False
FDR-025,Lammer to Anantnagh,RETAINED_AS_FEEDER,Urban,MP,35,0,0,0,0,False,,0,True
FDR-028,Shangus to Srinagar,RETAINED_AS_FEEDER,Regional_District,MP,50,6,2,4,0,False,,20243,True
FDR-029,Uttersoo to Srinagar,RETAINED_AS_FEEDER,Regional_District,MP,50,6,2,4,0,False,,19581,True
FDR-035,Anantnagh to Shopian,RETAINED_AS_FEEDER,Regional_District,LP,35,5,2,3,0,False,,79520,False
FDR-435,Srinagar to NEW Khanda,RETAINED_AS_FEEDER,Urban,LP,35,0,0,0,0,False,,0,False
FDR-596,Srinagar to By Pass,RETAINED_AS_FEEDER,Urban,HP,20,3,0,3,0,False,,2336,True
FDR-476,Srinagar to Khrew,RETAINED_AS_FEEDER,Urban,LP,35,0,0,0,0,False,,0,False
FDR-093,Srinagar to Railway,RETAINED_AS_FEEDER,Urban,HP,20,0,0,0,0,False,,0,False
FDR-123,Srinagar to Bypass,RETAINED_AS_FEEDER,Urban,HP,20,0,0,0,0,False,,0,False
FDR-144,Srinagar to Gulabagh,RETAINED_AS_FEEDER,Urban,MP,35,0,0,0,0,False,,0,False
FDR-040,Srinagar to Ratnipura,RETAINED_AS_FEEDER,Urban,LP,35,0,0,0,0,False,,0,False
FDR-052,Srinagar to Buchpora,RETAINED_AS_FEEDER,Urban,HP,20,5,0,5,0,False,,6009,False
FDR-370,Srinagar to Pampore,RETAINED_AS_FEEDER,Urban,MP,35,0,0,0,0,False,,0,False
FDR-479,Srinagar to Budgam,RETAINED_AS_FEEDER,Urban,LP,35,0,0,0,0,False,,0,False
FDR-517,Srinagar to Gund,RETAINED_AS_FEEDER,Peri_Urban,MP,35,0,0,0,0,False,,0,True
FDR-326,Srinagar to Chadoora,RETAINED_AS_FEEDER,Urban,MP,35,0,0,0,0,False,,0,False
FDR-036,Srinagar to Bugam,RETAINED_AS_FEEDER,Peri_Urban,LP,35,0,0,0,0,False,,0,False
FDR-597,Srinagar to Rasoo,RETAINED_AS_FEEDER,Urban,HP,20,0,0,0,0,False,,0,False
FDR-599,Srinagar to Harwan,RETAINED_AS_FEEDER,Urban,LP,35,0,0,0,0,False,,0,False
FDR-288,Srinagar to Ganderbal,RETAINED_AS_FEEDER,Urban,MP,35,5,0,5,0,False,,6876,False
FDR-602,TRC Srinagar to Airport,RETAINED_AS_FEEDER,Urban,MP,35,4,0,4,0,False,,6219,False
SSCL-01,Parimpora to Harwan via Brein Nishat,UPGRADED_TO_TRUNK,Peri_Urban,HP,15,10,0,10,0,True,SSCL-01,14584,False
SSCL-02,Batamaloo to Nasrullah Pora via Jehangir Chowk Rambagh Hyderpora,UPGRADED_TO_TRUNK,Urban,HP,15,5,0,5,0,True,SSCL-02,7594,False
SSCL-03,Batamaloo to Hazratbal via Khanyar,UPGRADED_TO_TRUNK,Urban,HP,15,9,0,9,0,True,SSCL-03,5390,False
SSCL-04,Batamaloo to Chadoora Chowk via Jehangir Chowk,UPGRADED_TO_TRUNK,Urban,HP,15,6,0,6,0,True,SSCL-04,8989,False
SSCL-05,LD Hospital to Pandach via Jehangir Chowk Dalgate Khanyar,UPGRADED_TO_TRUNK,Urban,HP,15,7,0,7,0,True,SSCL-05,11520,True
SSCL-06,Pantha Chowk to Narbal Crossing via Sonwar Jehangir Chowk Qamarwari,UPGRADED_TO_TRUNK,Peri_Urban,HP,15,9,4,5,0,True,SSCL-06,8411,False
SSCL-07,Batamaloo to Drussu Pulwama via Marwal,UPGRADED_TO_TRUNK,Peri_Urban,HP,15,13,6,7,0,True,SSCL-07,26284,False
SSCL-08,Batamaloo to Budgam Railway Station via Khumeni Chowk,UPGRADED_TO_TRUNK,Peri_Urban,HP,15,7,0,7,0,True,SSCL-08,10531,True
SSCL-09,Parimpora to Naseem Bagh via Noorbagh Gojwara Mill Stop,UPGRADED_TO_TRUNK,Peri_Urban,HP,15,7,0,7,0,True,SSCL-09,8667,False
SSCL-10,Pantha Chowk to Agri Kalan Kanihama via Bypass,UPGRADED_TO_TRUNK,Peri_Urban,HP,15,10,5,5,0,True,SSCL-10,9265,False
SSCL-11,Old City Loop Downtown Srinagar,UPGRADED_TO_TRUNK,Urban,HP,15,2,0,2,0,True,SSCL-11,4446,False
SSCL-12,Rangreth to District Court Srinagar via Barzulla Jehangir Chowk,UPGRADED_TO_TRUNK,Urban,HP,15,7,0,7,0,True,SSCL-12,6790,False
SSCL-13,Batamaloo to Beehama Ganderbal via Hazratbal Zakura,UPGRADED_TO_TRUNK,Peri_Urban,HP,15,11,0,11,0,True,SSCL-13,11327,True
SSCL-14,TRC to Central University Ganderbal via Karan Nagar Zoonimar 90ft Road,UPGRADED_TO_TRUNK,Peri_Urban,HP,15,12,0,12,0,True,SSCL-14,18363,True
SSCL-15,TRC to Pulwama via Nowgam Kaanipora,UPGRADED_TO_TRUNK,Peri_Urban,HP,15,12,0,12,0,True,SSCL-15,7726,True
SSCL-16,Batamaloo Circular via Khonmoh,UPGRADED_TO_TRUNK,Urban,HP,15,9,0,9,0,True,SSCL-16,9412,False
SSCL-17,Batamaloo to Womens College Batpora via Rainawari,UPGRADED_TO_TRUNK,Urban,HP,15,4,0,4,0,True,SSCL-17,3777,False
SSCL-18,Jkpdc Jehangir Chowk to Wadwan,UPGRADED_TO_TRUNK,Peri_Urban,HP,15,7,0,7,0,True,SSCL-18,5499,False
SSCL-19,Pantha Chowk to Sumbal,UPGRADED_TO_TRUNK,Peri_Urban,HP,15,14,7,7,0,True,SSCL-19,9925,False
SSCL-20,Pantha Chowk to Safapora,UPGRADED_TO_TRUNK,Regional_District,HP,15,15,7,8,0,True,SSCL-20,11594,False
SSCL-21,Batamaloo to Arath,UPGRADED_TO_TRUNK,Urban,HP,15,9,0,9,0,True,SSCL-21,15566,False
SSCL-22,Batamaloo to Khrew Bus Stand,UPGRADED_TO_TRUNK,Peri_Urban,HP,15,9,0,9,0,True,SSCL-22,11206,False
SSCL-23,Batamaloo to Charesharief via Chadoora,UPGRADED_TO_TRUNK,Peri_Urban,HP,15,12,0,12,0,True,SSCL-23,30043,False
SSCL-24,Pantha Chowk to Palhalan via Sangrama Sopore,UPGRADED_TO_TRUNK,Peri_Urban,HP,15,15,7,8,0,True,SSCL-24,10871,False
SSCL-25,Batamaloo to Dadsara Tral via Awantipora,UPGRADED_TO_TRUNK,Regional_District,HP,15,11,0,11,0,True,SSCL-25,19340,False
SSCL-26,Batamaloo to Kangan via Hazratbal Manigam,UPGRADED_TO_TRUNK,Regional_District,HP,15,14,0,14,0,True,SSCL-26,11929,False
SSCL-27,Batamaloo to Manigam,UPGRADED_TO_TRUNK,Regional_District,HP,15,13,0,13,0,True,SSCL-27,11716,False
SSCL-28,Batamaloo to Pinglena Pampore via Galandar,UPGRADED_TO_TRUNK,Peri_Urban,HP,15,10,5,5,0,True,SSCL-28,12560,False
SSCL-29,Pantha Chowk to Panzinara,UPGRADED_TO_TRUNK,Urban,HP,15,7,0,7,0,True,SSCL-29,9506,False
SSCL-30,Batamaloo to Dc Office Budgam,UPGRADED_TO_TRUNK,Peri_Urban,HP,15,7,0,7,0,True,SSCL-30,10531,True
